INSERT INTO PROFESOR VALUES(1, 'Juan', 'Perez', '1990-06-06', 55000);
INSERT INTO PROFESOR VALUES(2, 'María Emilia', 'Paz', '1984-07-15', 72000);
INSERT INTO PROFESOR VALUES(3, 'Martin', 'Correa', '1987-12-07', 63000);
INSERT INTO PROFESOR VALUES(4, 'Lucía', 'Díaz', '1991-02-24', 45000);
INSERT INTO PROFESOR VALUES(5, 'Raul', 'Martínez', '1980-10-15', 85000);
INSERT INTO PROFESOR VALUES(6, 'Mabel', 'Ríos', '1982-06-12', 83000);

INSERT INTO CURSO VALUES(101, "Algoritmos", "Algoritmos y Estrcutura de Datos", 20, "Mañana", 1);
INSERT INTO CURSO VALUES(102, "Matemástica discreta", NULL, 20, "Tarde", 2);
INSERT INTO CURSO VALUES(103, "Programación Java", "POO en Java", 20, "Noche", 4);
INSERT INTO CURSO VALUES(104, "Programación Web", NULL, 20, "Noche", 5);
INSERT INTO CURSO VALUES(105, "Programación C#", ".NET, VISUAL STUDIO 2019", 20, "Noche", 6);

INSERT INTO ESTUDIANTE VALUES(36485, "Romina", "Nieva", "1999-11-26", "Mecánica");
INSERT INTO ESTUDIANTE VALUES(39685, "Brenda", "Medrano", "2000-09-25", "Sistemas");
INSERT INTO ESTUDIANTE VALUES(41258, "Ramiro", "Ríos", "1994-12-06", "Sistemas");
INSERT INTO ESTUDIANTE VALUES(43651, "Cristian", "Gómez", "1995-03-19", "Mecánica");
INSERT INTO ESTUDIANTE VALUES(47521, "María", "Velazquez", "1998-01-02", "Sistemas");
INSERT INTO ESTUDIANTE VALUES(47961, "Alexis", "Reinoso", "1994-12-17", "Sistemas");
INSERT INTO ESTUDIANTE VALUES(48952, "Gabriel", "Morales", "1996-10-03", "Sistemas");
INSERT INTO ESTUDIANTE VALUES(51200, "Lourdes", "Martínez", "2001-12-13", "Sistemas");
/*INSCRIPCIONES*/
INSERT InTO INSCRIPCION Values(1, 101, 41258, "2012-05-02 18:45:00");
INSERT InTO INSCRIPCION Values(5, 101, 39685, "2012-04-12 18:45:00");
INSERT InTO INSCRIPCION Values(8, 101, 47961, "2012-04-28 18:45:00");
INSERT InTO INSCRIPCION Values(11, 101, 43651, "2012-04-21 18:45:00");
INSERT InTO INSCRIPCION Values(2, 102, 41258, "2012-04-02 18:45:00");
INSERT InTO INSCRIPCION Values(3, 102, 47961, "2012-01-02 20:01:00");
INSERT InTO INSCRIPCION Values(13, 102, 47521, "2012-04-03 18:45:00");
INSERT InTO INSCRIPCION Values(14, 102, 51200, "2012-05-02 18:45:00");
INSERT InTO INSCRIPCION Values(4, 103, 47961, "2012-04-28 18:45:00");
INSERT InTO INSCRIPCION Values(6, 103, 36485, "2012-05-02 18:45:00");
INSERT InTO INSCRIPCION Values(7, 103, 43651, "2012-05-02 18:45:00");